2025-03-15 17:15:46,4184049974,"Data Analyst (NetSuite, Workday, Snowflake)",Radiansys Inc.,True,False
2025-03-15 17:16:04,4173379410,Salesforce Business Analyst,Trantor,True,False
2025-03-15 17:16:21,4095199058,Data Analyst,GroundTruth,True,False
2025-03-15 17:16:38,4173660037,Data Analyst,InfoServ LLC,True,False
2025-03-15 17:16:51,4182670437,Data or Business Analyst,AKS ProTalent,True,False
2025-03-15 17:19:32,4173631563,Data Analytics - Marketing,Sprinto,True,True
2025-03-15 17:20:13,4157749210,Performance Analyst,VSI Infotech LLP,True,False
2025-03-15 17:20:51,4164097711,Data Scientist,MaxisIT Inc.,True,True
2025-03-15 17:21:09,4167021289,Data Scientist,VSquare Systems Pvt. Ltd.,True,False
2025-03-15 17:21:22,4181820561,Data Analyst,Wimmer Solutions,True,False
2025-03-15 17:21:48,4138320876,BI Analyst II,LivePerson,True,False
2025-03-15 17:22:06,4182820341,Data Science Intern,Recruit Forge,True,False
2025-03-15 17:23:14,4140118032,Reporting Analyst,"MediaRadar, Inc.",True,False
2025-03-15 17:23:44,4180276511,Data Scientist (Location: Bangalore/ Pune/ Mumbai ),DigiHelic Solutions Pvt. Ltd.,True,True
2025-03-15 17:23:57,4156987048,Social Insights Analyst,Confidential Careers,True,False
2025-03-15 17:24:14,4180502296,Business Analyst (Power BI Developer),Quantzig,True,False
2025-03-15 17:24:45,4176917973,Senior Data Analyst,Idyllic Services,True,True
2025-03-15 17:25:01,4115169440,Data Analyst,GroundTruth,True,False
2025-03-15 17:25:58,4179310189,"Data Scientist (ML)(6month Contract) (REMOTE) Koramangala Bangalore, India",Embakire Workforce,True,False
2025-03-15 17:26:12,4179490162,Reporting Specialist,Dexian India,True,False
2025-03-15 17:26:29,4160807449,Lead Data Scientist,ValueMatrix.AI,True,False
2025-03-15 17:26:46,4177184063,Data Scientist with GCP Cloud,Edstem Technologies,True,False
2025-03-15 17:31:01,4034702673,Similar Jobs,LinkedIn,True,False
2025-03-15 17:32:18,4169072235,Data Scientist,Fusemachines,True,True
2025-03-15 17:32:47,4172315084,"Data Scientist (Risk strategy, SME)",bluCognition,True,False
2025-03-15 17:32:56,4124860951,Researcher,YZi Labs,False,False
2025-03-15 17:34:19,4176917469,Business Intelligence Analyst - India,Freedom Property Investors,True,True
2025-03-15 17:34:28,4170825884,Data Scientist,Weekday AI (YC W21),False,False
2025-03-15 17:34:46,4179495076,Associate Data Scientist (LLM),ReBid,True,False
2025-03-15 17:35:00,4184629300,Data Scientist,iXceed Solutions,True,False
2025-03-15 17:35:26,4181033047,Data Scientist,FiveForce Technologies,False,False
2025-03-15 17:35:35,4178020132,Senior Data Analyst,Astreya,False,False
2025-03-15 17:35:44,4170825884,Data Scientist,Weekday AI (YC W21),False,False
2025-03-15 17:35:54,4184629300,Data Scientist,iXceed Solutions,False,False
2025-03-15 17:36:04,4164752713,Data Engineering / Data Analyst,AviinTech Business Solutions,False,False
2025-03-15 17:36:14,4151701991,Business Intelligence Specialist,Randstad Enterprise,False,False
2025-03-15 17:36:41,4181033047,Data Scientist,FiveForce Technologies,False,False
2025-03-15 17:36:50,4159494113,Data Scientist,WebMD,False,False
2025-03-15 17:37:01,4124860951,Researcher,YZi Labs,False,False
2025-03-15 17:37:10,4170825884,Data Scientist,Weekday AI (YC W21),False,False
2025-03-15 17:37:19,4164752713,Data Engineering / Data Analyst,AviinTech Business Solutions,False,False
2025-03-15 17:44:53,4151701991,Similar Jobs,LinkedIn,True,False
2025-03-15 17:45:38,4178068900,Data Scientist - ML,YO IT Group,True,False
2025-03-15 17:47:12,4181033047,Data Scientist,FiveForce Technologies,True,False
2025-03-15 17:47:25,4124860951,Researcher,YZi Labs,True,False
2025-03-15 17:47:35,4170825884,Data Scientist,Weekday AI (YC W21),False,False
2025-03-15 17:47:44,4164752713,Data Engineering / Data Analyst,AviinTech Business Solutions,False,False
2025-03-15 17:47:53,4177283490,Data Scientist,S P A Enterprise,False,False
2025-03-15 17:48:20,4184049974,"Data Analyst (NetSuite, Workday, Snowflake)",Radiansys Inc.,False,False
2025-03-15 17:48:29,4173379410,Salesforce Business Analyst,Trantor,False,False
2025-03-15 17:48:38,4181033047,Data Scientist,FiveForce Technologies,False,False
2025-03-15 17:48:48,4159494113,Data Scientist,WebMD,False,False
2025-03-15 17:48:57,4170825884,Data Scientist,Weekday AI (YC W21),False,False
2025-03-15 17:49:05,4177283490,Data Scientist,S P A Enterprise,False,False
2025-03-15 17:49:28,4184049974,"Data Analyst (NetSuite, Workday, Snowflake)",Radiansys Inc.,False,False
2025-03-15 17:49:35,4173379410,Salesforce Business Analyst,Trantor,False,False
2025-03-15 17:49:43,4181033047,Data Scientist,FiveForce Technologies,False,False
2025-03-15 17:49:51,4159494113,Data Scientist,WebMD,False,False
2025-03-15 17:50:00,4170825884,Data Scientist,Weekday AI (YC W21),False,False
2025-03-15 17:50:10,4177283490,Data Scientist,S P A Enterprise,False,False
2025-03-15 17:50:35,4184049974,"Data Analyst (NetSuite, Workday, Snowflake)",Radiansys Inc.,False,False
2025-03-15 17:50:44,4173379410,Salesforce Business Analyst,Trantor,False,False
2025-03-15 17:50:54,4181033047,Data Scientist,FiveForce Technologies,False,False
2025-03-15 17:51:03,4159494113,Data Scientist,WebMD,False,False
2025-03-15 17:51:12,4170825884,Data Scientist,Weekday AI (YC W21),False,False
2025-03-15 17:51:20,4177283490,Data Scientist,S P A Enterprise,False,False
2025-03-15 17:51:46,4184049974,"Data Analyst (NetSuite, Workday, Snowflake)",Radiansys Inc.,False,False
2025-03-15 17:51:56,4173379410,Salesforce Business Analyst,Trantor,False,False
2025-03-15 17:52:06,4181033047,Data Scientist,FiveForce Technologies,False,False
2025-03-15 17:52:15,4159494113,Data Scientist,WebMD,False,False
2025-03-15 17:52:29,4170825884,Data Scientist,Weekday AI (YC W21),True,False
2025-03-15 17:52:49,4177283490,Data Scientist,S P A Enterprise,True,False
2025-03-15 17:53:25,4184049974,"Data Analyst (NetSuite, Workday, Snowflake)",Radiansys Inc.,True,False
2025-03-15 17:53:39,4173379410,Salesforce Business Analyst,Trantor,True,False
2025-03-15 17:53:51,4181504989,Web Intelligence Analyst,S2T AI - AI-Powered Investigations,False,False
2025-03-15 17:54:00,4095199058,Data Analyst,GroundTruth,False,False
2025-03-15 17:54:22,4181033047,Data Scientist,FiveForce Technologies,True,False
2025-03-15 17:54:35,4173660037,Data Analyst,InfoServ LLC,True,False
2025-03-15 17:55:04,4157749210,Performance Analyst,VSI Infotech LLP,False,False
2025-03-15 17:55:17,4095199058,Data Analyst,GroundTruth,True,False
